dianhua,name
185-2090-8450,"
                            广州轩怡装饰设计工程有限公司                        "
dianhua,name
"185-2090-8450,170-9766-2704,185-2090-8439,185-2090-8443,131-6998-0638,170-9717-7605,185-2090-8742,131-1348-1647,185-2090-8714,131-1275-0502,131-7232-9526,185-2090-8446,131-6859-3614,185-2090-8436,185-2090-8574","
                            广州轩怡装饰设计工程有限公司                        ,
                            广州两手硬装饰工程有限公司                        ,
                            广东泰禾装饰设计有限公司                        ,
                            佛山市美峰装饰工程有限公司                        ,
                            佛山深度空间装饰设计工程有限公司                        ,
                            佛山市格梵印象装饰设计有限公司                        ,
                            佛山市南海区金米装饰设计工程有限公...                        ,
                            佛山市卢工装饰设计工程有限公司                        ,
                            广州市艺雕装饰设计工程有限公司佛山...                        ,
                            佛山市一尚装饰工程设计有限公司                        ,
                            佛山市三水九十天装饰设计有限公司                        ,
                            佛山酷家乐电子商务有限公司                        ,
                            佛山市鼎集装饰设计工程有限公司                        ,
                            佛山市华筑晟装饰工程有限公司                        ,
                            佛山市域丰环亚网络科技有限公司                        "
dianhua,name
185-2090-8450,"
                            广州轩怡装饰设计工程有限公司                        "
